id,label
0,entailment
1,entailment
2,neutral
3,neutral
4,entailment
5,contradiction
6,contradiction
7,entailment
8,neutral
9,contradiction
10,contradiction
11,contradiction
12,contradiction
13,neutral
14,neutral
15,neutral
16,neutral
17,entailment
18,contradiction
19,entailment
20,neutral
21,entailment
22,contradiction
23,neutral
24,contradiction
25,entailment
26,entailment
27,neutral
28,neutral
29,neutral
30,neutral
31,entailment
32,contradiction
33,contradiction
34,contradiction
35,contradiction
36,contradiction
37,contradiction
38,neutral
39,contradiction
40,contradiction
41,entailment
42,contradiction
43,entailment
44,neutral
45,neutral
46,neutral
47,contradiction
48,entailment
49,neutral
50,neutral
51,neutral
52,neutral
53,contradiction
54,entailment
55,neutral
56,neutral
57,entailment
58,neutral
59,contradiction
60,neutral
61,entailment
62,neutral
63,neutral
64,entailment
65,entailment
66,contradiction
67,neutral
68,neutral
69,contradiction
70,entailment
71,neutral
72,contradiction
73,neutral
74,neutral
75,neutral
76,neutral
77,entailment
78,contradiction
79,neutral
80,neutral
81,entailment
82,contradiction
83,neutral
84,contradiction
85,contradiction
86,contradiction
87,contradiction
88,contradiction
89,neutral
90,contradiction
91,contradiction
92,contradiction
93,neutral
94,contradiction
95,contradiction
96,entailment
97,contradiction
98,entailment
99,contradiction
100,neutral
101,neutral
102,entailment
103,neutral
104,neutral
105,neutral
106,neutral
107,neutral
108,neutral
109,neutral
110,contradiction
111,neutral
112,contradiction
113,entailment
114,contradiction
115,neutral
116,neutral
117,neutral
118,contradiction
119,entailment
120,contradiction
121,entailment
122,neutral
123,contradiction
124,contradiction
125,contradiction
126,contradiction
127,neutral
128,neutral
129,contradiction
130,neutral
131,neutral
132,neutral
133,contradiction
134,entailment
135,neutral
136,entailment
137,contradiction
138,contradiction
139,neutral
140,neutral
141,contradiction
142,contradiction
143,entailment
144,entailment
145,contradiction
146,neutral
147,neutral
148,entailment
149,neutral
150,neutral
151,neutral
152,neutral
153,contradiction
154,neutral
155,entailment
156,entailment
157,contradiction
158,neutral
159,contradiction
160,contradiction
161,neutral
162,neutral
163,entailment
164,contradiction
165,contradiction
166,neutral
167,entailment
168,neutral
169,entailment
170,contradiction
171,contradiction
172,entailment
173,neutral
174,contradiction
175,neutral
176,contradiction
177,entailment
178,neutral
179,contradiction
180,entailment
181,contradiction
182,neutral
183,neutral
184,contradiction
185,neutral
186,neutral
187,entailment
188,neutral
189,contradiction
190,neutral
191,entailment
192,contradiction
193,neutral
194,neutral
195,contradiction
196,neutral
197,entailment
198,contradiction
199,entailment
200,neutral
201,contradiction
202,neutral
203,neutral
204,neutral
205,neutral
206,entailment
207,contradiction
208,neutral
209,contradiction
210,contradiction
211,contradiction
212,entailment
213,neutral
214,neutral
215,contradiction
216,contradiction
217,entailment
218,neutral
219,contradiction
220,entailment
221,neutral
222,neutral
223,contradiction
224,contradiction
225,contradiction
226,contradiction
227,contradiction
228,contradiction
229,contradiction
230,contradiction
231,neutral
232,entailment
233,entailment
234,contradiction
235,neutral
236,contradiction
237,neutral
238,neutral
239,neutral
240,neutral
241,entailment
242,contradiction
243,neutral
244,entailment
245,neutral
246,neutral
247,entailment
248,contradiction
249,contradiction
250,neutral
251,neutral
252,entailment
253,entailment
254,contradiction
255,neutral
256,entailment
257,contradiction
258,entailment
259,neutral
260,contradiction
261,contradiction
262,entailment
263,entailment
264,contradiction
265,neutral
266,entailment
267,neutral
268,contradiction
269,entailment
270,entailment
271,contradiction
272,neutral
273,neutral
274,entailment
275,contradiction
276,neutral
277,contradiction
278,entailment
279,neutral
280,neutral
281,contradiction
282,neutral
283,neutral
284,entailment
285,contradiction
286,neutral
287,entailment
288,contradiction
289,neutral
290,neutral
291,contradiction
292,entailment
293,neutral
294,entailment
295,entailment
296,neutral
297,neutral
298,neutral
299,neutral
300,contradiction
301,contradiction
302,neutral
303,entailment
304,contradiction
305,neutral
306,contradiction
307,neutral
308,entailment
309,neutral
310,neutral
311,neutral
312,contradiction
313,neutral
314,neutral
315,contradiction
316,contradiction
317,neutral
318,contradiction
319,contradiction
320,contradiction
321,neutral
322,entailment
323,contradiction
324,neutral
325,neutral
326,contradiction
327,neutral
328,neutral
329,neutral
330,contradiction
331,entailment
332,contradiction
333,neutral
334,contradiction
335,contradiction
336,neutral
337,neutral
338,contradiction
339,neutral
340,neutral
341,contradiction
342,neutral
343,neutral
344,contradiction
345,entailment
346,neutral
347,contradiction
348,contradiction
349,contradiction
350,contradiction
351,neutral
352,entailment
353,neutral
354,contradiction
355,neutral
356,entailment
357,contradiction
358,neutral
359,neutral
360,contradiction
361,contradiction
362,entailment
363,neutral
364,entailment
365,contradiction
366,neutral
367,neutral
368,neutral
369,neutral
370,entailment
371,contradiction
372,contradiction
373,contradiction
374,neutral
375,entailment
376,contradiction
377,contradiction
378,neutral
379,entailment
380,contradiction
381,neutral
382,neutral
383,neutral
384,neutral
385,neutral
386,neutral
387,neutral
388,neutral
389,contradiction
390,neutral
391,entailment
392,neutral
393,contradiction
394,neutral
395,neutral
396,entailment
397,neutral
398,contradiction
399,neutral
400,contradiction
401,neutral
402,neutral
403,neutral
404,contradiction
405,neutral
406,neutral
407,contradiction
408,contradiction
409,entailment
410,contradiction
411,contradiction
412,neutral
413,entailment
414,contradiction
415,neutral
416,neutral
417,contradiction
418,entailment
419,contradiction
420,neutral
421,contradiction
422,neutral
423,neutral
424,contradiction
425,neutral
426,neutral
427,contradiction
428,entailment
429,contradiction
430,entailment
431,neutral
432,entailment
433,neutral
434,contradiction
435,neutral
436,contradiction
437,entailment
438,entailment
439,contradiction
440,contradiction
441,entailment
442,neutral
443,contradiction
444,entailment
445,contradiction
446,neutral
447,neutral
448,neutral
449,neutral
450,neutral
451,entailment
452,entailment
453,entailment
454,contradiction
455,neutral
456,neutral
457,neutral
458,entailment
459,contradiction
460,contradiction
461,contradiction
462,entailment
463,entailment
464,neutral
465,contradiction
466,entailment
467,contradiction
468,neutral
469,entailment
470,contradiction
471,contradiction
472,neutral
473,entailment
474,entailment
475,contradiction
476,contradiction
477,neutral
478,entailment
479,neutral
480,neutral
481,neutral
482,contradiction
483,entailment
484,neutral
485,neutral
486,neutral
487,entailment
488,neutral
489,neutral
490,neutral
491,contradiction
492,neutral
493,neutral
494,neutral
495,entailment
496,entailment
497,contradiction
498,entailment
499,neutral
500,entailment
501,neutral
502,contradiction
503,contradiction
504,contradiction
505,entailment
506,contradiction
507,neutral
508,contradiction
509,contradiction
510,contradiction
511,contradiction
512,entailment
513,contradiction
514,neutral
515,contradiction
516,neutral
517,entailment
518,neutral
519,neutral
520,neutral
521,contradiction
522,neutral
523,contradiction
524,entailment
525,contradiction
526,neutral
527,contradiction
528,neutral
529,neutral
530,neutral
531,entailment
532,neutral
533,contradiction
534,contradiction
535,contradiction
536,contradiction
537,neutral
538,neutral
539,entailment
540,entailment
541,contradiction
542,entailment
543,neutral
544,neutral
545,neutral
546,neutral
547,neutral
548,contradiction
549,entailment
550,neutral
551,contradiction
552,neutral
553,contradiction
554,entailment
555,neutral
556,entailment
557,neutral
558,neutral
559,neutral
560,entailment
561,entailment
562,contradiction
563,neutral
564,entailment
565,entailment
566,contradiction
567,neutral
568,contradiction
569,neutral
570,entailment
571,neutral
572,entailment
573,entailment
574,neutral
575,contradiction
576,neutral
577,neutral
578,entailment
579,entailment
580,neutral
581,contradiction
582,entailment
583,contradiction
584,entailment
585,neutral
586,neutral
587,neutral
588,neutral
589,contradiction
590,neutral
591,neutral
592,contradiction
593,neutral
594,neutral
595,entailment
596,entailment
597,contradiction
598,entailment
599,contradiction
600,entailment
601,contradiction
602,entailment
603,neutral
604,entailment
605,neutral
606,neutral
607,entailment
608,entailment
609,neutral
610,neutral
611,neutral
612,neutral
613,neutral
614,neutral
615,entailment
616,entailment
617,neutral
618,contradiction
619,neutral
620,contradiction
621,contradiction
622,neutral
623,entailment
624,neutral
625,neutral
626,neutral
627,contradiction
628,entailment
629,entailment
630,entailment
631,entailment
632,contradiction
633,contradiction
634,neutral
635,entailment
636,contradiction
637,neutral
638,entailment
639,entailment
640,neutral
641,contradiction
642,neutral
643,neutral
644,contradiction
645,entailment
646,contradiction
647,entailment
648,neutral
649,entailment
650,neutral
651,neutral
652,neutral
653,contradiction
654,neutral
655,contradiction
656,entailment
657,neutral
658,entailment
659,contradiction
660,contradiction
661,contradiction
662,neutral
663,entailment
664,neutral
665,contradiction
666,contradiction
667,neutral
668,entailment
669,contradiction
670,contradiction
671,entailment
672,neutral
673,entailment
674,neutral
675,neutral
676,entailment
677,contradiction
678,entailment
679,neutral
680,entailment
681,entailment
682,neutral
683,neutral
684,entailment
685,entailment
686,neutral
687,contradiction
688,entailment
689,neutral
690,contradiction
691,contradiction
692,contradiction
693,contradiction
694,neutral
695,contradiction
696,entailment
697,contradiction
698,neutral
699,neutral
700,contradiction
701,neutral
702,neutral
703,contradiction
704,neutral
705,neutral
706,entailment
707,contradiction
708,entailment
709,contradiction
710,neutral
711,neutral
712,neutral
713,neutral
714,neutral
715,entailment
716,contradiction
717,neutral
718,entailment
719,contradiction
720,contradiction
721,entailment
722,entailment
723,entailment
724,entailment
725,neutral
726,neutral
727,neutral
728,neutral
729,neutral
730,neutral
731,neutral
732,entailment
733,neutral
734,contradiction
735,contradiction
736,entailment
737,neutral
738,contradiction
739,entailment
740,entailment
741,entailment
742,contradiction
743,contradiction
744,contradiction
745,entailment
746,neutral
747,contradiction
748,contradiction
749,neutral
750,contradiction
751,neutral
752,neutral
753,neutral
754,entailment
755,contradiction
756,contradiction
757,neutral
758,neutral
759,neutral
760,contradiction
761,contradiction
762,neutral
763,neutral
764,neutral
765,neutral
766,neutral
767,neutral
768,entailment
769,neutral
770,contradiction
771,entailment
772,neutral
773,neutral
774,neutral
775,contradiction
776,contradiction
777,neutral
778,contradiction
779,neutral
780,neutral
781,contradiction
782,neutral
783,contradiction
784,entailment
785,neutral
786,contradiction
787,entailment
788,entailment
789,contradiction
790,entailment
791,contradiction
792,entailment
793,neutral
794,entailment
795,neutral
796,neutral
797,neutral
798,neutral
799,neutral
800,contradiction
801,neutral
802,neutral
803,neutral
804,entailment
805,neutral
806,neutral
807,neutral
808,neutral
809,neutral
810,contradiction
811,neutral
812,neutral
813,neutral
814,entailment
815,contradiction
816,neutral
817,neutral
818,contradiction
819,neutral
820,entailment
821,contradiction
822,neutral
823,contradiction
824,neutral
825,neutral
826,neutral
827,contradiction
828,neutral
829,neutral
830,neutral
831,neutral
832,entailment
833,neutral
834,neutral
835,entailment
836,neutral
837,neutral
838,contradiction
839,neutral
840,entailment
841,neutral
842,contradiction
843,neutral
844,neutral
845,neutral
846,entailment
847,contradiction
848,contradiction
849,neutral
850,neutral
851,contradiction
852,entailment
853,contradiction
854,neutral
855,neutral
856,entailment
857,contradiction
858,neutral
859,neutral
860,neutral
861,entailment
862,neutral
863,neutral
864,neutral
865,neutral
866,neutral
867,entailment
868,neutral
869,neutral
870,contradiction
871,neutral
872,contradiction
873,neutral
874,entailment
875,neutral
876,neutral
877,entailment
878,neutral
879,neutral
880,entailment
881,contradiction
882,contradiction
883,neutral
884,neutral
885,contradiction
886,entailment
887,neutral
888,entailment
889,neutral
890,neutral
891,contradiction
892,neutral
893,neutral
894,neutral
895,neutral
896,contradiction
897,contradiction
898,entailment
899,neutral
900,contradiction
901,contradiction
902,neutral
903,neutral
904,neutral
905,contradiction
906,contradiction
907,neutral
908,entailment
909,neutral
910,contradiction
911,entailment
912,contradiction
913,neutral
914,neutral
915,neutral
916,neutral
917,contradiction
918,neutral
919,entailment
920,contradiction
921,entailment
922,contradiction
923,neutral
924,neutral
925,neutral
926,neutral
927,neutral
928,entailment
929,contradiction
930,neutral
931,contradiction
932,contradiction
933,contradiction
934,entailment
935,contradiction
936,neutral
937,entailment
938,entailment
939,contradiction
940,contradiction
941,contradiction
942,neutral
943,entailment
944,contradiction
945,neutral
946,neutral
947,contradiction
948,entailment
949,neutral
950,contradiction
951,contradiction
952,contradiction
953,contradiction
954,entailment
955,neutral
956,neutral
957,neutral
958,contradiction
959,contradiction
960,contradiction
961,neutral
962,neutral
963,entailment
964,neutral
965,neutral
966,neutral
967,neutral
968,neutral
969,neutral
970,neutral
971,contradiction
972,contradiction
973,neutral
974,neutral
975,entailment
976,neutral
977,contradiction
978,entailment
979,contradiction
980,neutral
981,contradiction
982,contradiction
983,contradiction
984,neutral
985,contradiction
986,neutral
987,entailment
988,contradiction
989,contradiction
990,contradiction
991,contradiction
992,neutral
993,neutral
994,neutral
995,contradiction
996,contradiction
997,neutral
998,contradiction
999,neutral
1000,entailment
1001,neutral
1002,neutral
1003,neutral
1004,neutral
1005,contradiction
1006,entailment
1007,contradiction
1008,entailment
1009,neutral
1010,neutral
1011,contradiction
1012,neutral
1013,neutral
1014,neutral
1015,neutral
1016,contradiction
1017,contradiction
1018,entailment
1019,contradiction
1020,neutral
1021,entailment
1022,entailment
1023,entailment
1024,contradiction
1025,neutral
1026,neutral
1027,entailment
1028,neutral
1029,neutral
1030,contradiction
1031,neutral
1032,neutral
1033,entailment
1034,neutral
1035,neutral
1036,neutral
1037,contradiction
1038,entailment
1039,contradiction
1040,neutral
1041,entailment
1042,contradiction
1043,neutral
1044,contradiction
1045,neutral
1046,neutral
1047,contradiction
1048,entailment
1049,neutral
1050,entailment
1051,neutral
1052,neutral
1053,contradiction
1054,neutral
1055,entailment
1056,contradiction
1057,entailment
1058,neutral
1059,contradiction
1060,entailment
1061,neutral
1062,contradiction
1063,neutral
1064,entailment
1065,entailment
1066,contradiction
1067,neutral
1068,entailment
1069,neutral
1070,contradiction
1071,entailment
1072,contradiction
1073,entailment
1074,neutral
1075,entailment
1076,neutral
1077,neutral
1078,contradiction
1079,contradiction
1080,contradiction
1081,neutral
1082,entailment
1083,neutral
1084,neutral
1085,entailment
1086,contradiction
1087,contradiction
1088,contradiction
1089,entailment
1090,entailment
1091,neutral
1092,entailment
1093,contradiction
1094,contradiction
1095,contradiction
1096,contradiction
1097,entailment
1098,contradiction
1099,entailment
1100,neutral
1101,neutral
1102,contradiction
1103,entailment
1104,neutral
1105,entailment
1106,contradiction
1107,contradiction
1108,entailment
1109,neutral
1110,contradiction
1111,entailment
1112,neutral
1113,contradiction
1114,contradiction
1115,neutral
1116,entailment
1117,contradiction
1118,contradiction
1119,neutral
1120,entailment
1121,contradiction
1122,contradiction
1123,entailment
1124,neutral
1125,neutral
1126,contradiction
1127,contradiction
1128,contradiction
1129,entailment
1130,neutral
1131,entailment
1132,neutral
1133,contradiction
1134,neutral
1135,neutral
1136,entailment
1137,neutral
1138,neutral
1139,contradiction
1140,contradiction
1141,neutral
1142,neutral
1143,contradiction
1144,neutral
1145,neutral
1146,neutral
1147,neutral
1148,neutral
1149,entailment
1150,entailment
1151,contradiction
1152,contradiction
1153,contradiction
1154,entailment
1155,neutral
1156,neutral
1157,neutral
1158,neutral
1159,entailment
1160,contradiction
1161,contradiction
1162,neutral
1163,entailment
1164,neutral
1165,entailment
1166,contradiction
1167,entailment
1168,neutral
1169,contradiction
1170,neutral
1171,entailment
1172,contradiction
1173,entailment
1174,contradiction
1175,neutral
1176,neutral
1177,contradiction
1178,contradiction
1179,neutral
1180,neutral
1181,entailment
1182,neutral
1183,contradiction
1184,contradiction
1185,neutral
1186,contradiction
1187,contradiction
1188,entailment
1189,entailment
1190,contradiction
1191,neutral
1192,neutral
1193,contradiction
1194,contradiction
1195,entailment
1196,neutral
1197,entailment
1198,entailment
1199,neutral
1200,contradiction
1201,contradiction
1202,entailment
1203,neutral
1204,entailment
1205,entailment
1206,entailment
1207,contradiction
1208,neutral
1209,contradiction
1210,contradiction
1211,entailment
1212,contradiction
1213,entailment
1214,neutral
1215,entailment
1216,neutral
1217,contradiction
1218,contradiction
1219,contradiction
1220,entailment
1221,entailment
1222,contradiction
1223,entailment
1224,neutral
1225,neutral
1226,neutral
1227,neutral
1228,entailment
1229,contradiction
1230,contradiction
1231,contradiction
1232,neutral
1233,neutral
1234,contradiction
1235,entailment
1236,neutral
1237,contradiction
1238,contradiction
1239,neutral
1240,contradiction
1241,entailment
1242,contradiction
1243,entailment
1244,contradiction
1245,neutral
1246,entailment
1247,contradiction
1248,neutral
1249,contradiction
1250,neutral
1251,neutral
1252,contradiction
1253,entailment
1254,contradiction
1255,neutral
1256,entailment
1257,entailment
1258,contradiction
1259,entailment
1260,contradiction
1261,entailment
1262,contradiction
1263,contradiction
1264,neutral
1265,entailment
1266,entailment
1267,entailment
1268,neutral
1269,contradiction
1270,neutral
1271,entailment
1272,contradiction
1273,neutral
1274,neutral
1275,entailment
1276,entailment
1277,neutral
1278,contradiction
1279,contradiction
1280,entailment
1281,neutral
1282,entailment
1283,entailment
1284,entailment
1285,neutral
1286,neutral
1287,contradiction
1288,neutral
1289,entailment
1290,entailment
1291,contradiction
1292,contradiction
1293,contradiction
1294,contradiction
1295,neutral
1296,neutral
1297,neutral
1298,entailment
1299,contradiction
1300,entailment
1301,entailment
1302,contradiction
1303,entailment
1304,entailment
1305,neutral
1306,entailment
1307,neutral
1308,neutral
1309,neutral
1310,contradiction
1311,neutral
1312,neutral
1313,entailment
1314,contradiction
1315,neutral
1316,neutral
1317,contradiction
1318,neutral
1319,neutral
1320,entailment
1321,neutral
1322,neutral
1323,contradiction
1324,neutral
1325,entailment
1326,neutral
1327,neutral
1328,contradiction
1329,contradiction
1330,contradiction
1331,neutral
1332,contradiction
1333,entailment
1334,entailment
1335,contradiction
1336,contradiction
1337,neutral
1338,entailment
1339,entailment
1340,entailment
1341,entailment
1342,neutral
1343,entailment
1344,entailment
1345,neutral
1346,neutral
1347,neutral
1348,entailment
1349,contradiction
1350,contradiction
1351,contradiction
1352,entailment
1353,contradiction
1354,neutral
1355,entailment
1356,entailment
1357,contradiction
1358,contradiction
1359,neutral
1360,contradiction
1361,neutral
1362,contradiction
1363,neutral
1364,contradiction
1365,neutral
1366,entailment
1367,contradiction
1368,contradiction
1369,contradiction
1370,contradiction
1371,entailment
1372,neutral
1373,contradiction
1374,contradiction
1375,contradiction
1376,neutral
1377,contradiction
1378,neutral
1379,neutral
1380,contradiction
1381,neutral
1382,entailment
1383,contradiction
1384,neutral
1385,entailment
1386,entailment
1387,entailment
1388,contradiction
1389,contradiction
1390,neutral
1391,entailment
1392,entailment
1393,entailment
1394,neutral
1395,entailment
1396,entailment
1397,neutral
1398,neutral
1399,entailment
1400,contradiction
1401,entailment
1402,neutral
1403,contradiction
1404,neutral
1405,neutral
1406,entailment
1407,neutral
1408,entailment
1409,entailment
1410,neutral
1411,entailment
1412,entailment
1413,entailment
1414,neutral
1415,neutral
1416,neutral
1417,contradiction
1418,entailment
1419,contradiction
1420,neutral
1421,entailment
1422,neutral
1423,entailment
1424,contradiction
1425,contradiction
1426,neutral
1427,contradiction
1428,neutral
1429,entailment
1430,neutral
1431,contradiction
1432,neutral
1433,neutral
1434,entailment
1435,contradiction
1436,contradiction
1437,entailment
1438,neutral
1439,contradiction
1440,neutral
1441,neutral
1442,entailment
1443,contradiction
1444,neutral
1445,neutral
1446,entailment
1447,neutral
1448,neutral
1449,neutral
1450,entailment
1451,contradiction
1452,neutral
1453,contradiction
1454,contradiction
1455,neutral
1456,contradiction
1457,contradiction
1458,contradiction
1459,neutral
1460,neutral
1461,contradiction
1462,neutral
1463,entailment
1464,neutral
1465,entailment
1466,neutral
1467,contradiction
1468,neutral
1469,neutral
1470,entailment
1471,neutral
1472,contradiction
1473,neutral
1474,neutral
1475,contradiction
1476,neutral
1477,entailment
1478,contradiction
1479,neutral
1480,contradiction
1481,entailment
1482,neutral
1483,entailment
1484,neutral
1485,neutral
1486,neutral
1487,neutral
1488,neutral
1489,contradiction
1490,neutral
1491,neutral
1492,neutral
1493,entailment
1494,entailment
1495,entailment
1496,contradiction
1497,entailment
1498,neutral
1499,neutral
1500,entailment
1501,contradiction
1502,entailment
1503,entailment
1504,neutral
1505,neutral
1506,contradiction
1507,entailment
1508,contradiction
1509,neutral
1510,contradiction
1511,neutral
1512,neutral
1513,entailment
1514,contradiction
1515,neutral
1516,neutral
1517,contradiction
1518,entailment
1519,neutral
1520,contradiction
1521,contradiction
1522,neutral
1523,entailment
1524,neutral
1525,neutral
1526,contradiction
1527,contradiction
1528,entailment
1529,neutral
1530,neutral
1531,neutral
1532,entailment
1533,entailment
1534,contradiction
1535,contradiction
1536,entailment
1537,neutral
1538,contradiction
1539,neutral
1540,neutral
1541,neutral
1542,entailment
1543,neutral
1544,entailment
1545,neutral
1546,neutral
1547,contradiction
1548,contradiction
1549,neutral
1550,neutral
1551,neutral
1552,entailment
1553,contradiction
1554,neutral
1555,contradiction
1556,neutral
1557,neutral
1558,contradiction
1559,contradiction
1560,neutral
1561,contradiction
1562,neutral
1563,neutral
1564,entailment
1565,neutral
1566,neutral
1567,entailment
1568,neutral
1569,neutral
1570,contradiction
1571,entailment
1572,neutral
1573,neutral
1574,contradiction
1575,neutral
1576,neutral
1577,entailment
1578,entailment
1579,entailment
1580,neutral
1581,neutral
1582,neutral
1583,entailment
1584,contradiction
1585,neutral
1586,entailment
1587,entailment
1588,neutral
1589,neutral
1590,neutral
1591,neutral
1592,contradiction
1593,contradiction
1594,neutral
1595,contradiction
1596,entailment
1597,entailment
1598,neutral
1599,neutral
1600,contradiction
1601,entailment
1602,neutral
1603,contradiction
1604,entailment
1605,entailment
1606,neutral
1607,contradiction
1608,entailment
1609,neutral
1610,contradiction
1611,contradiction
1612,contradiction
1613,entailment
1614,entailment
1615,neutral
1616,entailment
1617,contradiction
1618,contradiction
1619,neutral
1620,contradiction
1621,entailment
1622,neutral
1623,contradiction
1624,neutral
1625,entailment
1626,neutral
1627,contradiction
1628,entailment
1629,contradiction
1630,neutral
1631,neutral
1632,neutral
1633,entailment
1634,entailment
1635,neutral
1636,neutral
1637,neutral
1638,entailment
1639,contradiction
1640,neutral
1641,neutral
1642,entailment
1643,contradiction
1644,neutral
1645,entailment
1646,neutral
1647,entailment
1648,contradiction
1649,entailment
1650,neutral
1651,neutral
1652,contradiction
1653,entailment
1654,entailment
1655,contradiction
1656,contradiction
1657,neutral
1658,neutral
1659,contradiction
1660,neutral
1661,entailment
1662,neutral
1663,entailment
1664,neutral
1665,contradiction
1666,entailment
1667,entailment
1668,contradiction
1669,neutral
1670,entailment
1671,entailment
1672,neutral
1673,contradiction
1674,entailment
1675,neutral
1676,neutral
1677,contradiction
1678,neutral
1679,entailment
1680,contradiction
1681,neutral
1682,entailment
1683,neutral
1684,contradiction
1685,entailment
1686,neutral
1687,neutral
1688,contradiction
1689,entailment
1690,neutral
1691,contradiction
1692,entailment
1693,neutral
1694,neutral
1695,neutral
1696,neutral
1697,entailment
1698,neutral
1699,contradiction
1700,entailment
1701,contradiction
1702,entailment
1703,neutral
1704,contradiction
1705,entailment
1706,contradiction
1707,neutral
1708,neutral
1709,neutral
1710,neutral
1711,entailment
1712,contradiction
1713,neutral
1714,entailment
1715,contradiction
1716,contradiction
1717,neutral
1718,neutral
1719,entailment
1720,entailment
1721,neutral
1722,neutral
1723,neutral
1724,entailment
1725,contradiction
1726,contradiction
1727,neutral
1728,neutral
1729,neutral
1730,neutral
1731,neutral
1732,neutral
1733,neutral
1734,neutral
1735,neutral
1736,contradiction
1737,neutral
1738,contradiction
1739,neutral
1740,neutral
1741,entailment
1742,contradiction
1743,contradiction
1744,neutral
1745,entailment
1746,contradiction
1747,contradiction
1748,neutral
1749,neutral
1750,contradiction
1751,neutral
1752,entailment
1753,contradiction
1754,neutral
1755,neutral
1756,entailment
1757,entailment
1758,neutral
1759,contradiction
1760,contradiction
1761,contradiction
1762,neutral
1763,contradiction
1764,contradiction
1765,neutral
1766,neutral
1767,contradiction
1768,entailment
1769,neutral
1770,contradiction
1771,entailment
1772,contradiction
1773,contradiction
1774,contradiction
1775,entailment
1776,contradiction
1777,contradiction
1778,neutral
1779,contradiction
1780,neutral
1781,entailment
1782,contradiction
1783,neutral
1784,entailment
1785,contradiction
1786,neutral
1787,neutral
1788,entailment
1789,entailment
1790,neutral
1791,contradiction
1792,entailment
1793,neutral
1794,contradiction
1795,neutral
1796,entailment
1797,entailment
1798,contradiction
1799,contradiction
1800,entailment
1801,neutral
1802,neutral
1803,contradiction
1804,neutral
1805,contradiction
1806,neutral
1807,contradiction
1808,neutral
1809,neutral
1810,contradiction
1811,neutral
1812,contradiction
1813,contradiction
1814,entailment
1815,contradiction
1816,neutral
1817,entailment
1818,entailment
1819,contradiction
1820,contradiction
1821,neutral
1822,entailment
1823,contradiction
1824,neutral
1825,contradiction
1826,neutral
1827,contradiction
1828,contradiction
1829,entailment
1830,contradiction
1831,contradiction
1832,neutral
1833,neutral
1834,entailment
1835,contradiction
1836,contradiction
1837,neutral
1838,neutral
1839,contradiction
1840,neutral
1841,neutral
1842,contradiction
1843,entailment
1844,neutral
1845,neutral
1846,entailment
1847,contradiction
1848,contradiction
1849,neutral
1850,entailment
1851,contradiction
1852,contradiction
1853,neutral
1854,neutral
1855,contradiction
1856,entailment
1857,contradiction
1858,neutral
1859,neutral
1860,neutral
1861,entailment
1862,contradiction
1863,entailment
1864,entailment
1865,entailment
1866,contradiction
1867,neutral
1868,neutral
1869,neutral
1870,neutral
1871,contradiction
1872,entailment
1873,neutral
1874,neutral
1875,entailment
1876,neutral
1877,neutral
1878,contradiction
1879,neutral
1880,entailment
1881,contradiction
1882,entailment
1883,contradiction
1884,neutral
1885,neutral
1886,contradiction
1887,neutral
1888,contradiction
1889,contradiction
1890,neutral
1891,contradiction
1892,neutral
1893,neutral
1894,neutral
1895,entailment
1896,neutral
1897,neutral
1898,contradiction
1899,contradiction
1900,contradiction
1901,contradiction
1902,entailment
1903,contradiction
1904,neutral
1905,contradiction
1906,neutral
1907,neutral
1908,entailment
1909,contradiction
1910,contradiction
1911,contradiction
1912,entailment
1913,neutral
1914,contradiction
1915,neutral
1916,contradiction
1917,contradiction
1918,entailment
1919,contradiction
1920,neutral
1921,neutral
1922,contradiction
1923,contradiction
1924,contradiction
1925,neutral
1926,contradiction
1927,entailment
1928,neutral
1929,neutral
1930,contradiction
1931,neutral
1932,neutral
1933,entailment
1934,contradiction
1935,entailment
1936,neutral
1937,neutral
1938,contradiction
1939,entailment
1940,neutral
1941,contradiction
1942,contradiction
1943,neutral
1944,contradiction
1945,entailment
1946,entailment
1947,contradiction
1948,neutral
1949,neutral
1950,neutral
1951,neutral
1952,neutral
1953,neutral
1954,entailment
1955,contradiction
1956,neutral
1957,neutral
1958,neutral
1959,neutral
1960,entailment
1961,entailment
1962,neutral
1963,contradiction
1964,contradiction
1965,neutral
1966,neutral
1967,entailment
1968,neutral
1969,entailment
1970,entailment
1971,entailment
1972,entailment
1973,neutral
1974,neutral
1975,contradiction
1976,neutral
1977,neutral
1978,entailment
1979,neutral
1980,entailment
1981,contradiction
1982,contradiction
1983,neutral
1984,contradiction
1985,entailment
1986,neutral
1987,contradiction
1988,neutral
1989,neutral
1990,neutral
1991,neutral
1992,contradiction
1993,contradiction
1994,contradiction
1995,entailment
1996,contradiction
1997,neutral
1998,contradiction
1999,entailment
2000,contradiction
2001,neutral
2002,neutral
2003,neutral
2004,neutral
2005,neutral
2006,contradiction
2007,neutral
2008,entailment
2009,contradiction
2010,contradiction
2011,neutral
2012,neutral
2013,entailment
2014,neutral
2015,contradiction
2016,neutral
2017,entailment
2018,contradiction
2019,contradiction
2020,entailment
2021,neutral
2022,contradiction
2023,entailment
2024,neutral
2025,entailment
2026,contradiction
2027,neutral
2028,entailment
2029,contradiction
2030,contradiction
2031,neutral
2032,neutral
2033,neutral
2034,neutral
2035,contradiction
2036,entailment
2037,contradiction
2038,contradiction
2039,entailment
2040,contradiction
2041,neutral
2042,neutral
2043,contradiction
2044,entailment
2045,neutral
2046,contradiction
2047,contradiction
2048,entailment
2049,contradiction
2050,contradiction
2051,entailment
2052,contradiction
2053,entailment
2054,neutral
2055,contradiction
2056,neutral
2057,contradiction
2058,neutral
2059,neutral
2060,neutral
2061,entailment
2062,neutral
2063,contradiction
2064,contradiction
2065,entailment
2066,neutral
2067,neutral
2068,contradiction
2069,neutral
2070,contradiction
2071,contradiction
2072,neutral
2073,neutral
2074,entailment
2075,contradiction
2076,entailment
2077,contradiction
2078,contradiction
2079,contradiction
2080,neutral
2081,entailment
2082,neutral
2083,neutral
2084,entailment
2085,contradiction
2086,entailment
2087,entailment
2088,neutral
2089,contradiction
2090,entailment
2091,entailment
2092,entailment
2093,neutral
2094,neutral
2095,neutral
2096,entailment
2097,contradiction
2098,entailment
2099,neutral
2100,entailment
2101,contradiction
2102,neutral
2103,neutral
2104,neutral
2105,entailment
2106,entailment
2107,entailment
2108,contradiction
2109,neutral
2110,neutral
2111,neutral
2112,neutral
2113,neutral
2114,entailment
2115,contradiction
2116,neutral
2117,entailment
2118,contradiction
2119,neutral
2120,contradiction
2121,contradiction
2122,neutral
2123,entailment
2124,neutral
2125,contradiction
2126,entailment
2127,contradiction
2128,entailment
2129,neutral
2130,entailment
2131,entailment
2132,contradiction
2133,entailment
2134,contradiction
2135,neutral
2136,neutral
2137,contradiction
2138,entailment
2139,neutral
2140,neutral
2141,neutral
2142,contradiction
2143,neutral
2144,neutral
2145,entailment
2146,entailment
2147,contradiction
2148,neutral
2149,neutral
2150,entailment
2151,contradiction
2152,entailment
2153,neutral
2154,contradiction
2155,entailment
2156,entailment
2157,entailment
2158,contradiction
2159,neutral
2160,neutral
2161,neutral
2162,contradiction
2163,neutral
2164,contradiction
2165,entailment
2166,neutral
2167,contradiction
2168,neutral
2169,neutral
2170,entailment
2171,contradiction
2172,neutral
2173,neutral
2174,contradiction
2175,entailment
2176,neutral
2177,contradiction
2178,neutral
2179,entailment
2180,contradiction
2181,contradiction
2182,neutral
2183,neutral
2184,contradiction
2185,entailment
2186,neutral
2187,neutral
2188,neutral
2189,contradiction
2190,neutral
2191,contradiction
2192,entailment
2193,neutral
2194,entailment
2195,neutral
2196,neutral
2197,contradiction
2198,entailment
2199,neutral
2200,entailment
2201,contradiction
2202,contradiction
2203,entailment
2204,neutral
2205,contradiction
2206,neutral
2207,contradiction
2208,contradiction
2209,neutral
2210,neutral
2211,neutral
2212,neutral
2213,neutral
2214,contradiction
2215,entailment
2216,neutral
2217,contradiction
2218,contradiction
2219,neutral
2220,neutral
2221,entailment
2222,contradiction
2223,entailment
2224,neutral
2225,neutral
2226,contradiction
2227,entailment
2228,neutral
2229,entailment
2230,neutral
2231,neutral
2232,contradiction
2233,contradiction
2234,entailment
2235,contradiction
2236,neutral
2237,contradiction
2238,entailment
2239,neutral
2240,neutral
2241,contradiction
2242,neutral
2243,neutral
2244,contradiction
2245,contradiction
2246,entailment
2247,neutral
2248,entailment
2249,entailment
2250,contradiction
2251,neutral
2252,entailment
2253,contradiction
2254,entailment
2255,neutral
2256,entailment
2257,contradiction
2258,neutral
2259,entailment
2260,entailment
2261,neutral
2262,contradiction
2263,neutral
2264,neutral
2265,neutral
2266,contradiction
2267,entailment
2268,contradiction
2269,entailment
2270,entailment
2271,entailment
2272,entailment
2273,contradiction
2274,neutral
2275,neutral
2276,entailment
2277,contradiction
2278,entailment
2279,contradiction
2280,entailment
2281,neutral
2282,contradiction
2283,neutral
2284,entailment
2285,neutral
2286,entailment
2287,entailment
2288,contradiction
2289,entailment
2290,entailment
2291,contradiction
2292,entailment
2293,contradiction
2294,neutral
2295,neutral
2296,entailment
2297,contradiction
2298,contradiction
2299,contradiction
2300,neutral
2301,neutral
2302,neutral
2303,contradiction
2304,neutral
2305,entailment
2306,contradiction
2307,entailment
2308,neutral
2309,contradiction
2310,neutral
2311,contradiction
2312,entailment
2313,neutral
2314,contradiction
2315,entailment
2316,contradiction
2317,contradiction
2318,entailment
2319,neutral
2320,neutral
2321,contradiction
2322,contradiction
2323,neutral
2324,neutral
2325,neutral
2326,neutral
2327,neutral
2328,contradiction
2329,neutral
2330,neutral
2331,neutral
2332,entailment
2333,neutral
2334,neutral
2335,neutral
2336,neutral
2337,contradiction
2338,neutral
2339,neutral
2340,entailment
2341,neutral
2342,contradiction
2343,neutral
2344,contradiction
2345,neutral
2346,neutral
2347,entailment
2348,neutral
2349,neutral
2350,contradiction
2351,entailment
2352,neutral
2353,neutral
2354,neutral
2355,neutral
2356,contradiction
2357,contradiction
2358,neutral
2359,entailment
2360,contradiction
2361,contradiction
2362,entailment
2363,neutral
2364,contradiction
2365,neutral
2366,neutral
2367,entailment
2368,neutral
2369,contradiction
2370,neutral
2371,contradiction
2372,entailment
2373,neutral
2374,neutral
2375,neutral
2376,neutral
2377,contradiction
2378,entailment
2379,neutral
2380,neutral
2381,neutral
2382,contradiction
2383,contradiction
2384,neutral
2385,entailment
2386,neutral
2387,entailment
2388,contradiction
2389,contradiction
2390,entailment
2391,neutral
2392,entailment
2393,neutral
2394,neutral
2395,entailment
2396,neutral
2397,contradiction
2398,neutral
2399,entailment
2400,neutral
2401,neutral
2402,neutral
2403,neutral
2404,contradiction
2405,entailment
2406,neutral
2407,entailment
2408,entailment
2409,neutral
2410,contradiction
2411,neutral
2412,entailment
2413,neutral
2414,contradiction
2415,neutral
2416,neutral
2417,entailment
2418,contradiction
2419,neutral
2420,neutral
2421,entailment
2422,neutral
2423,contradiction
2424,neutral
2425,entailment
2426,neutral
2427,entailment
2428,contradiction
2429,neutral
2430,contradiction
2431,contradiction
2432,contradiction
2433,neutral
2434,entailment
2435,contradiction
2436,neutral
2437,entailment
2438,entailment
2439,entailment
2440,contradiction
2441,neutral
2442,contradiction
2443,neutral
2444,entailment
2445,neutral
2446,entailment
2447,contradiction
2448,neutral
2449,entailment
2450,neutral
2451,neutral
2452,neutral
2453,entailment
2454,neutral
2455,contradiction
2456,neutral
2457,contradiction
2458,neutral
2459,contradiction
2460,neutral
2461,contradiction
2462,neutral
2463,entailment
2464,neutral
2465,neutral
2466,contradiction
2467,entailment
2468,neutral
2469,neutral
2470,neutral
2471,entailment
2472,neutral
2473,neutral
2474,entailment
2475,neutral
2476,contradiction
2477,neutral
2478,contradiction
2479,entailment
2480,contradiction
2481,neutral
2482,contradiction
2483,entailment
2484,neutral
2485,neutral
2486,neutral
2487,neutral
2488,contradiction
2489,neutral
2490,contradiction
2491,neutral
2492,neutral
2493,contradiction
2494,entailment
2495,neutral
2496,neutral
2497,entailment
2498,contradiction
2499,neutral
2500,neutral
2501,contradiction
2502,contradiction
2503,entailment
2504,entailment
2505,contradiction
2506,contradiction
2507,entailment
2508,contradiction
2509,neutral
2510,entailment
2511,entailment
2512,contradiction
2513,neutral
2514,neutral
2515,neutral
2516,entailment
2517,contradiction
2518,entailment
2519,neutral
2520,contradiction
2521,entailment
2522,neutral
2523,entailment
2524,entailment
2525,contradiction
2526,contradiction
2527,contradiction
2528,entailment
2529,neutral
2530,neutral
2531,neutral
2532,neutral
2533,contradiction
2534,entailment
2535,neutral
2536,entailment
2537,contradiction
2538,neutral
2539,contradiction
2540,entailment
2541,neutral
2542,entailment
2543,contradiction
2544,entailment
2545,contradiction
2546,neutral
2547,contradiction
2548,neutral
2549,entailment
2550,neutral
2551,entailment
2552,neutral
2553,neutral
2554,entailment
2555,neutral
2556,contradiction
2557,neutral
2558,neutral
2559,neutral
2560,neutral
2561,neutral
2562,neutral
2563,entailment
2564,contradiction
2565,neutral
2566,contradiction
2567,entailment
2568,contradiction
2569,neutral
2570,entailment
2571,neutral
2572,neutral
2573,contradiction
2574,contradiction
2575,neutral
2576,entailment
2577,contradiction
2578,entailment
2579,neutral
2580,entailment
2581,neutral
2582,contradiction
2583,contradiction
2584,neutral
2585,contradiction
2586,contradiction
2587,entailment
2588,contradiction
2589,neutral
2590,entailment
2591,contradiction
2592,entailment
2593,neutral
2594,contradiction
2595,neutral
2596,neutral
2597,contradiction
2598,contradiction
2599,contradiction
2600,entailment
2601,neutral
2602,entailment
2603,contradiction
2604,entailment
2605,neutral
2606,contradiction
2607,contradiction
2608,neutral
2609,entailment
2610,neutral
2611,neutral
2612,entailment
2613,neutral
2614,neutral
2615,neutral
2616,neutral
2617,entailment
2618,neutral
2619,neutral
2620,neutral
2621,neutral
2622,contradiction
2623,neutral
2624,neutral
2625,contradiction
2626,contradiction
2627,neutral
2628,neutral
2629,entailment
2630,entailment
2631,contradiction
2632,neutral
2633,neutral
2634,neutral
2635,neutral
2636,contradiction
2637,neutral
2638,entailment
2639,entailment
2640,neutral
2641,neutral
2642,neutral
2643,contradiction
2644,neutral
2645,neutral
2646,neutral
2647,entailment
2648,contradiction
2649,neutral
2650,neutral
2651,contradiction
2652,contradiction
2653,entailment
2654,entailment
2655,contradiction
2656,entailment
2657,neutral
2658,contradiction
2659,neutral
2660,neutral
2661,neutral
2662,entailment
2663,contradiction
2664,contradiction
2665,entailment
2666,neutral
2667,neutral
2668,neutral
2669,entailment
2670,neutral
2671,entailment
2672,neutral
2673,entailment
2674,neutral
2675,neutral
2676,neutral
2677,entailment
2678,contradiction
2679,neutral
2680,neutral
2681,neutral
2682,neutral
2683,contradiction
2684,neutral
2685,neutral
2686,neutral
2687,entailment
2688,contradiction
2689,neutral
2690,neutral
2691,contradiction
2692,neutral
2693,neutral
2694,entailment
2695,neutral
2696,contradiction
2697,neutral
2698,contradiction
2699,entailment
2700,contradiction
2701,neutral
2702,entailment
2703,neutral
2704,neutral
2705,contradiction
2706,contradiction
2707,neutral
2708,neutral
2709,contradiction
2710,entailment
2711,neutral
2712,neutral
2713,neutral
2714,neutral
2715,contradiction
2716,contradiction
2717,entailment
2718,entailment
2719,neutral
2720,contradiction
2721,entailment
2722,neutral
2723,neutral
2724,contradiction
2725,entailment
2726,neutral
2727,entailment
2728,contradiction
2729,neutral
2730,entailment
2731,neutral
2732,contradiction
2733,neutral
2734,contradiction
2735,contradiction
2736,contradiction
2737,neutral
2738,neutral
2739,neutral
2740,neutral
2741,contradiction
2742,contradiction
2743,entailment
2744,entailment
2745,entailment
2746,neutral
2747,neutral
2748,entailment
2749,neutral
2750,contradiction
2751,neutral
2752,contradiction
2753,entailment
2754,contradiction
2755,neutral
2756,contradiction
2757,neutral
2758,entailment
2759,contradiction
2760,contradiction
2761,neutral
2762,neutral
2763,neutral
2764,entailment
2765,contradiction
2766,entailment
2767,contradiction
2768,neutral
2769,entailment
2770,neutral
2771,contradiction
2772,entailment
2773,contradiction
2774,neutral
2775,neutral
2776,neutral
2777,entailment
2778,neutral
2779,entailment
2780,contradiction
2781,neutral
2782,contradiction
2783,entailment
2784,neutral
2785,entailment
2786,contradiction
2787,entailment
2788,entailment
2789,neutral
2790,neutral
2791,neutral
2792,neutral
2793,entailment
2794,neutral
2795,neutral
2796,neutral
2797,contradiction
2798,entailment
2799,entailment
2800,contradiction
2801,contradiction
2802,entailment
2803,contradiction
2804,neutral
2805,contradiction
2806,contradiction
2807,contradiction
2808,contradiction
2809,contradiction
2810,entailment
2811,contradiction
2812,entailment
2813,neutral
2814,entailment
2815,contradiction
2816,contradiction
2817,contradiction
2818,entailment
2819,entailment
2820,neutral
2821,neutral
2822,neutral
2823,entailment
2824,contradiction
2825,neutral
2826,entailment
2827,neutral
2828,neutral
2829,contradiction
2830,entailment
2831,neutral
2832,contradiction
2833,entailment
2834,contradiction
2835,entailment
2836,entailment
2837,neutral
2838,neutral
2839,contradiction
2840,entailment
2841,entailment
2842,contradiction
2843,neutral
2844,entailment
2845,neutral
2846,entailment
2847,entailment
2848,neutral
2849,contradiction
2850,contradiction
2851,entailment
2852,neutral
2853,contradiction
2854,neutral
2855,neutral
2856,contradiction
2857,neutral
2858,contradiction
2859,neutral
2860,entailment
2861,contradiction
2862,entailment
2863,entailment
2864,contradiction
2865,neutral
2866,entailment
2867,contradiction
2868,contradiction
2869,neutral
2870,contradiction
2871,contradiction
2872,neutral
2873,neutral
2874,contradiction
2875,entailment
2876,neutral
2877,neutral
2878,contradiction
2879,entailment
2880,neutral
2881,entailment
2882,contradiction
2883,entailment
2884,entailment
2885,entailment
2886,contradiction
2887,contradiction
2888,entailment
2889,neutral
2890,neutral
2891,neutral
2892,entailment
2893,contradiction
2894,entailment
2895,contradiction
2896,neutral
2897,entailment
2898,entailment
2899,entailment
2900,contradiction
2901,entailment
2902,entailment
2903,neutral
2904,entailment
2905,entailment
2906,neutral
2907,contradiction
2908,neutral
2909,entailment
2910,entailment
2911,contradiction
2912,contradiction
2913,entailment
2914,neutral
2915,neutral
2916,contradiction
2917,contradiction
2918,contradiction
2919,entailment
2920,contradiction
2921,neutral
2922,neutral
2923,neutral
2924,contradiction
2925,contradiction
2926,entailment
2927,contradiction
2928,neutral
2929,entailment
2930,neutral
2931,contradiction
2932,entailment
2933,neutral
2934,entailment
2935,contradiction
2936,neutral
2937,contradiction
2938,entailment
2939,entailment
2940,neutral
2941,entailment
2942,entailment
2943,entailment
2944,contradiction
2945,entailment
2946,contradiction
2947,neutral
2948,neutral
2949,entailment
2950,contradiction
2951,entailment
2952,contradiction
2953,neutral
2954,contradiction
2955,contradiction
2956,contradiction
2957,neutral
2958,entailment
2959,contradiction
2960,neutral
2961,neutral
2962,neutral
2963,contradiction
2964,neutral
2965,contradiction
2966,entailment
2967,neutral
2968,neutral
2969,contradiction
2970,contradiction
2971,contradiction
2972,entailment
2973,neutral
2974,contradiction
2975,entailment
2976,neutral
2977,contradiction
2978,entailment
2979,neutral
2980,contradiction
2981,entailment
2982,entailment
2983,neutral
2984,entailment
2985,contradiction
2986,entailment
2987,entailment
2988,neutral
2989,contradiction
2990,neutral
2991,entailment
2992,contradiction
2993,neutral
2994,entailment
2995,contradiction
2996,neutral
2997,neutral
2998,neutral
2999,contradiction
3000,contradiction
3001,neutral
3002,contradiction
3003,entailment
3004,contradiction
3005,neutral
3006,contradiction
3007,contradiction
3008,neutral
3009,contradiction
3010,neutral
3011,entailment
3012,neutral
3013,neutral
3014,contradiction
3015,contradiction
3016,entailment
3017,contradiction
3018,neutral
3019,neutral
3020,contradiction
3021,contradiction
3022,entailment
3023,neutral
3024,entailment
3025,contradiction
3026,neutral
3027,neutral
3028,entailment
3029,contradiction
3030,entailment
3031,neutral
3032,neutral
3033,contradiction
3034,contradiction
3035,contradiction
3036,neutral
3037,contradiction
3038,contradiction
3039,entailment
3040,neutral
3041,contradiction
3042,neutral
3043,entailment
3044,contradiction
3045,contradiction
3046,entailment
3047,contradiction
3048,neutral
3049,neutral
3050,contradiction
3051,neutral
3052,neutral
3053,entailment
3054,contradiction
3055,neutral
3056,entailment
3057,entailment
3058,contradiction
3059,entailment
3060,neutral
3061,neutral
3062,entailment
3063,neutral
3064,neutral
3065,contradiction
3066,contradiction
3067,neutral
3068,neutral
3069,neutral
3070,entailment
3071,contradiction
3072,neutral
3073,entailment
3074,neutral
3075,contradiction
3076,neutral
3077,entailment
3078,contradiction
3079,neutral
3080,entailment
3081,neutral
3082,contradiction
3083,neutral
3084,neutral
3085,entailment
3086,contradiction
3087,contradiction
3088,contradiction
3089,neutral
3090,contradiction
3091,entailment
3092,neutral
3093,entailment
3094,neutral
3095,contradiction
3096,neutral
3097,contradiction
3098,entailment
3099,neutral
3100,entailment
3101,contradiction
3102,contradiction
3103,neutral
3104,neutral
3105,contradiction
3106,entailment
3107,entailment
3108,neutral
3109,contradiction
3110,entailment
3111,contradiction
3112,neutral
3113,entailment
3114,contradiction
3115,neutral
3116,entailment
3117,neutral
3118,neutral
3119,contradiction
3120,contradiction
3121,neutral
3122,entailment
3123,neutral
3124,neutral
3125,contradiction
3126,neutral
3127,neutral
3128,contradiction
3129,neutral
3130,neutral
3131,entailment
3132,contradiction
3133,contradiction
3134,entailment
3135,neutral
3136,entailment
3137,contradiction
3138,neutral
3139,neutral
3140,neutral
3141,contradiction
3142,contradiction
3143,entailment
3144,neutral
3145,contradiction
3146,neutral
3147,neutral
3148,contradiction
3149,contradiction
3150,neutral
3151,contradiction
3152,entailment
3153,contradiction
3154,contradiction
3155,entailment
3156,contradiction
3157,entailment
3158,contradiction
3159,neutral
3160,entailment
3161,neutral
3162,entailment
3163,entailment
3164,contradiction
3165,entailment
3166,entailment
3167,contradiction
3168,entailment
3169,contradiction
3170,contradiction
3171,contradiction
3172,contradiction
3173,entailment
3174,entailment
3175,contradiction
3176,neutral
3177,neutral
3178,neutral
3179,neutral
3180,contradiction
3181,neutral
3182,entailment
3183,entailment
3184,contradiction
3185,neutral
3186,neutral
3187,entailment
3188,contradiction
3189,neutral
3190,contradiction
3191,contradiction
3192,entailment
3193,neutral
3194,contradiction
3195,contradiction
3196,contradiction
3197,entailment
3198,contradiction
3199,contradiction
3200,contradiction
3201,neutral
3202,entailment
3203,contradiction
3204,neutral
3205,contradiction
3206,neutral
3207,neutral
3208,contradiction
3209,contradiction
3210,neutral
3211,contradiction
3212,entailment
3213,entailment
3214,neutral
3215,contradiction
3216,neutral
3217,neutral
3218,contradiction
3219,entailment
3220,contradiction
3221,contradiction
3222,entailment
3223,neutral
3224,neutral
3225,entailment
3226,entailment
3227,contradiction
3228,neutral
3229,contradiction
3230,neutral
3231,contradiction
3232,entailment
3233,contradiction
3234,contradiction
3235,entailment
3236,neutral
3237,entailment
3238,neutral
3239,neutral
3240,entailment
3241,contradiction
3242,neutral
3243,entailment
3244,neutral
3245,neutral
3246,contradiction
3247,neutral
3248,entailment
3249,neutral
3250,neutral
3251,neutral
3252,entailment
3253,entailment
3254,contradiction
3255,neutral
3256,entailment
3257,contradiction
3258,contradiction
3259,entailment
3260,contradiction
3261,entailment
3262,contradiction
3263,contradiction
3264,contradiction
3265,neutral
3266,contradiction
3267,neutral
3268,contradiction
3269,entailment
3270,neutral
3271,entailment
3272,contradiction
3273,entailment
3274,contradiction
3275,neutral
3276,neutral
3277,neutral
3278,entailment
3279,contradiction
3280,neutral
3281,neutral
3282,entailment
3283,contradiction
3284,neutral
3285,neutral
3286,neutral
3287,entailment
3288,neutral
3289,contradiction
3290,entailment
3291,contradiction
3292,entailment
3293,contradiction
3294,neutral
3295,contradiction
3296,neutral
3297,neutral
3298,contradiction
3299,contradiction
3300,contradiction
3301,neutral
3302,contradiction
3303,neutral
3304,entailment
3305,contradiction
3306,contradiction
3307,contradiction
3308,contradiction
3309,contradiction
3310,neutral
3311,neutral
3312,contradiction
3313,entailment
3314,contradiction
3315,entailment
3316,neutral
3317,neutral
3318,contradiction
3319,contradiction
3320,neutral
3321,contradiction
3322,contradiction
3323,contradiction
3324,contradiction
3325,contradiction
3326,contradiction
3327,neutral
3328,neutral
3329,neutral
3330,entailment
3331,neutral
3332,contradiction
3333,entailment
3334,neutral
3335,neutral
3336,contradiction
3337,neutral
3338,entailment
3339,contradiction
3340,contradiction
3341,entailment
3342,neutral
3343,contradiction
3344,contradiction
3345,contradiction
3346,neutral
3347,neutral
3348,contradiction
3349,neutral
3350,contradiction
3351,contradiction
3352,entailment
3353,entailment
3354,entailment
3355,contradiction
3356,neutral
3357,entailment
3358,neutral
3359,contradiction
3360,contradiction
3361,entailment
3362,contradiction
3363,contradiction
3364,neutral
3365,neutral
3366,contradiction
3367,entailment
3368,neutral
3369,entailment
3370,contradiction
3371,neutral
3372,contradiction
3373,contradiction
3374,neutral
3375,neutral
3376,contradiction
3377,contradiction
3378,neutral
3379,neutral
3380,entailment
3381,contradiction
3382,neutral
3383,neutral
3384,contradiction
3385,entailment
3386,neutral
3387,neutral
3388,entailment
3389,contradiction
3390,neutral
3391,contradiction
3392,contradiction
3393,entailment
3394,contradiction
3395,contradiction
3396,contradiction
3397,entailment
3398,neutral
3399,contradiction
3400,contradiction
3401,entailment
3402,neutral
3403,entailment
3404,contradiction
3405,contradiction
3406,contradiction
3407,neutral
3408,contradiction
3409,neutral
3410,entailment
3411,entailment
3412,neutral
3413,contradiction
3414,entailment
3415,neutral
3416,neutral
3417,contradiction
3418,entailment
3419,contradiction
3420,entailment
3421,contradiction
3422,neutral
3423,contradiction
3424,contradiction
3425,entailment
3426,neutral
3427,entailment
3428,neutral
3429,entailment
3430,neutral
3431,contradiction
3432,neutral
3433,neutral
3434,neutral
3435,neutral
3436,entailment
3437,entailment
3438,entailment
3439,contradiction
3440,contradiction
3441,entailment
3442,neutral
3443,contradiction
3444,entailment
3445,neutral
3446,contradiction
3447,contradiction
3448,entailment
3449,contradiction
3450,contradiction
3451,neutral
3452,entailment
3453,neutral
3454,entailment
3455,contradiction
3456,contradiction
3457,entailment
3458,neutral
3459,neutral
3460,neutral
3461,neutral
3462,neutral
3463,contradiction
3464,neutral
3465,contradiction
3466,neutral
3467,entailment
3468,entailment
3469,entailment
3470,neutral
3471,contradiction
3472,contradiction
3473,contradiction
3474,neutral
3475,neutral
3476,contradiction
3477,neutral
3478,neutral
3479,contradiction
3480,neutral
3481,neutral
3482,neutral
3483,contradiction
3484,neutral
3485,contradiction
3486,contradiction
3487,contradiction
3488,contradiction
3489,neutral
3490,contradiction
3491,entailment
3492,contradiction
3493,entailment
3494,neutral
3495,entailment
3496,neutral
3497,contradiction
3498,contradiction
3499,neutral
3500,neutral
3501,neutral
3502,neutral
3503,neutral
3504,entailment
3505,contradiction
3506,entailment
3507,neutral
3508,neutral
3509,neutral
3510,contradiction
3511,contradiction
3512,neutral
3513,neutral
3514,entailment
3515,contradiction
3516,contradiction
3517,neutral
3518,entailment
3519,neutral
3520,contradiction
3521,entailment
3522,contradiction
3523,entailment
3524,neutral
3525,neutral
3526,contradiction
3527,neutral
3528,neutral
3529,contradiction
3530,entailment
3531,neutral
3532,entailment
3533,neutral
3534,contradiction
3535,entailment
3536,neutral
3537,contradiction
3538,neutral
3539,neutral
3540,contradiction
3541,neutral
3542,entailment
3543,neutral
3544,neutral
3545,entailment
3546,neutral
3547,contradiction
3548,entailment
3549,entailment
3550,neutral
3551,neutral
3552,neutral
3553,neutral
3554,neutral
3555,contradiction
3556,neutral
3557,neutral
3558,contradiction
3559,entailment
3560,entailment
3561,neutral
3562,contradiction
3563,entailment
3564,contradiction
3565,contradiction
3566,contradiction
3567,contradiction
3568,neutral
3569,contradiction
3570,neutral
3571,entailment
3572,neutral
3573,contradiction
3574,neutral
3575,contradiction
3576,contradiction
3577,neutral
3578,entailment
3579,entailment
3580,neutral
3581,contradiction
3582,contradiction
3583,contradiction
3584,entailment
3585,neutral
3586,contradiction
3587,neutral
3588,neutral
3589,entailment
3590,entailment
3591,contradiction
3592,neutral
3593,contradiction
3594,contradiction
3595,neutral
3596,neutral
3597,contradiction
3598,entailment
3599,contradiction
3600,contradiction
3601,neutral
3602,neutral
3603,contradiction
3604,neutral
3605,entailment
3606,contradiction
3607,neutral
3608,neutral
3609,neutral
3610,contradiction
3611,entailment
3612,contradiction
3613,neutral
3614,neutral
3615,contradiction
3616,neutral
3617,contradiction
3618,neutral
3619,entailment
3620,neutral
3621,contradiction
3622,contradiction
3623,contradiction
3624,neutral
3625,entailment
3626,neutral
3627,neutral
3628,entailment
3629,neutral
3630,neutral
3631,contradiction
3632,contradiction
3633,contradiction
3634,entailment
3635,neutral
3636,contradiction
3637,neutral
3638,neutral
3639,entailment
3640,entailment
3641,contradiction
3642,neutral
3643,neutral
3644,contradiction
3645,contradiction
3646,contradiction
3647,neutral
3648,neutral
3649,neutral
3650,contradiction
3651,neutral
3652,neutral
3653,entailment
3654,neutral
3655,entailment
3656,neutral
3657,entailment
3658,neutral
3659,neutral
3660,neutral
3661,entailment
3662,contradiction
3663,neutral
3664,contradiction
3665,neutral
3666,contradiction
3667,entailment
3668,neutral
3669,contradiction
3670,neutral
3671,entailment
3672,neutral
3673,contradiction
3674,entailment
3675,neutral
3676,neutral
3677,entailment
3678,contradiction
3679,entailment
3680,neutral
3681,neutral
3682,neutral
3683,contradiction
3684,entailment
3685,neutral
3686,neutral
3687,neutral
3688,neutral
3689,contradiction
3690,contradiction
3691,neutral
3692,contradiction
3693,neutral
3694,neutral
3695,contradiction
3696,contradiction
3697,neutral
3698,neutral
3699,neutral
3700,neutral
3701,neutral
3702,entailment
3703,neutral
3704,neutral
3705,neutral
3706,entailment
3707,contradiction
3708,contradiction
3709,contradiction
3710,contradiction
3711,neutral
3712,neutral
3713,contradiction
3714,entailment
3715,entailment
3716,contradiction
3717,contradiction
3718,entailment
3719,neutral
3720,entailment
3721,neutral
3722,contradiction
3723,entailment
3724,neutral
3725,contradiction
3726,contradiction
3727,entailment
3728,neutral
3729,neutral
3730,neutral
3731,neutral
3732,neutral
3733,entailment
3734,contradiction
3735,contradiction
3736,neutral
3737,neutral
3738,entailment
3739,entailment
3740,contradiction
3741,neutral
3742,neutral
3743,contradiction
3744,contradiction
3745,entailment
3746,neutral
3747,neutral
3748,entailment
3749,contradiction
3750,neutral
3751,neutral
3752,contradiction
3753,contradiction
3754,neutral
3755,entailment
3756,entailment
3757,neutral
3758,contradiction
3759,neutral
3760,entailment
3761,neutral
3762,neutral
3763,contradiction
3764,entailment
3765,contradiction
3766,neutral
3767,entailment
3768,contradiction
3769,entailment
3770,neutral
3771,neutral
3772,contradiction
3773,neutral
3774,neutral
3775,contradiction
3776,entailment
3777,neutral
3778,entailment
3779,contradiction
3780,contradiction
3781,neutral
3782,entailment
3783,neutral
3784,entailment
3785,contradiction
3786,contradiction
3787,neutral
3788,neutral
3789,neutral
3790,entailment
3791,contradiction
3792,entailment
3793,contradiction
3794,neutral
3795,contradiction
3796,neutral
3797,contradiction
3798,neutral
3799,neutral
3800,contradiction
3801,entailment
3802,neutral
3803,entailment
3804,contradiction
3805,contradiction
3806,entailment
3807,contradiction
3808,neutral
3809,neutral
3810,neutral
3811,neutral
3812,neutral
3813,contradiction
3814,neutral
3815,neutral
3816,neutral
3817,contradiction
3818,entailment
3819,entailment
3820,contradiction
3821,neutral
3822,neutral
3823,neutral
3824,entailment
3825,entailment
3826,neutral
3827,contradiction
3828,neutral
3829,neutral
3830,contradiction
3831,neutral
3832,contradiction
3833,neutral
3834,entailment
3835,neutral
3836,neutral
3837,contradiction
3838,neutral
3839,contradiction
3840,contradiction
3841,neutral
3842,entailment
3843,contradiction
3844,neutral
3845,entailment
3846,contradiction
3847,neutral
3848,contradiction
3849,neutral
3850,contradiction
3851,entailment
3852,entailment
3853,contradiction
3854,neutral
3855,neutral
3856,contradiction
3857,neutral
3858,contradiction
3859,entailment
3860,contradiction
3861,neutral
3862,neutral
3863,entailment
3864,entailment
3865,neutral
3866,neutral
3867,neutral
3868,neutral
3869,neutral
3870,entailment
3871,neutral
3872,neutral
3873,contradiction
3874,neutral
3875,neutral
3876,neutral
3877,neutral
3878,contradiction
3879,neutral
3880,contradiction
3881,entailment
3882,entailment
3883,contradiction
3884,neutral
3885,contradiction
3886,neutral
3887,neutral
3888,neutral
3889,neutral
3890,contradiction
3891,contradiction
3892,entailment
3893,contradiction
3894,contradiction
3895,entailment
3896,neutral
3897,contradiction
3898,neutral
3899,entailment
3900,neutral
3901,contradiction
3902,entailment
3903,contradiction
3904,contradiction
3905,neutral
3906,neutral
3907,neutral
3908,contradiction
3909,contradiction
3910,neutral
3911,entailment
3912,entailment
3913,neutral
3914,contradiction
3915,contradiction
3916,entailment
3917,neutral
3918,contradiction
3919,neutral
3920,neutral
3921,neutral
3922,neutral
3923,contradiction
3924,neutral
3925,entailment
3926,neutral
3927,contradiction
3928,entailment
3929,contradiction
3930,entailment
3931,neutral
3932,contradiction
3933,neutral
3934,contradiction
3935,entailment
3936,contradiction
3937,neutral
3938,entailment
3939,contradiction
3940,contradiction
3941,contradiction
3942,contradiction
3943,neutral
3944,entailment
3945,contradiction
3946,neutral
3947,neutral
3948,neutral
3949,entailment
3950,contradiction
3951,neutral
3952,neutral
3953,neutral
3954,contradiction
3955,contradiction
3956,neutral
3957,neutral
3958,neutral
3959,entailment
3960,entailment
3961,contradiction
3962,neutral
3963,contradiction
3964,neutral
3965,entailment
3966,contradiction
3967,neutral
3968,entailment
3969,entailment
3970,neutral
3971,contradiction
3972,neutral
3973,neutral
3974,neutral
3975,contradiction
3976,entailment
3977,contradiction
3978,neutral
3979,contradiction
3980,entailment
3981,entailment
3982,contradiction
3983,neutral
3984,neutral
3985,entailment
3986,contradiction
3987,neutral
3988,contradiction
3989,neutral
3990,neutral
3991,contradiction
3992,contradiction
3993,neutral
3994,entailment
3995,contradiction
3996,neutral
3997,entailment
3998,neutral
3999,neutral
4000,contradiction
4001,entailment
4002,neutral
4003,contradiction
4004,entailment
4005,neutral
4006,neutral
4007,contradiction
4008,neutral
4009,contradiction
4010,entailment
4011,contradiction
4012,entailment
4013,neutral
4014,contradiction
4015,entailment
4016,contradiction
4017,contradiction
4018,neutral
4019,neutral
4020,neutral
4021,entailment
4022,contradiction
4023,neutral
4024,contradiction
4025,neutral
4026,neutral
4027,neutral
4028,neutral
4029,contradiction
4030,contradiction
4031,entailment
4032,neutral
4033,entailment
4034,entailment
4035,contradiction
4036,neutral
4037,neutral
4038,neutral
4039,entailment
4040,entailment
4041,contradiction
4042,contradiction
4043,contradiction
4044,entailment
4045,neutral
4046,contradiction
4047,neutral
4048,contradiction
4049,contradiction
4050,contradiction
4051,neutral
4052,neutral
4053,entailment
4054,entailment
4055,contradiction
4056,neutral
4057,entailment
4058,neutral
4059,neutral
4060,contradiction
4061,contradiction
4062,entailment
4063,entailment
4064,neutral
4065,neutral
4066,entailment
4067,entailment
4068,contradiction
4069,neutral
4070,neutral
4071,neutral
4072,entailment
4073,contradiction
4074,neutral
4075,neutral
4076,neutral
4077,entailment
4078,contradiction
4079,neutral
4080,contradiction
4081,neutral
4082,neutral
4083,contradiction
4084,entailment
4085,entailment
4086,entailment
4087,neutral
4088,neutral
4089,neutral
4090,entailment
4091,neutral
4092,entailment
4093,neutral
4094,neutral
4095,entailment
4096,neutral
4097,entailment
4098,contradiction
4099,entailment
4100,entailment
4101,entailment
4102,contradiction
4103,contradiction
4104,contradiction
4105,entailment
4106,entailment
4107,neutral
4108,entailment
4109,neutral
4110,neutral
4111,neutral
4112,contradiction
4113,neutral
4114,neutral
4115,contradiction
4116,neutral
4117,entailment
4118,neutral
4119,entailment
4120,neutral
4121,contradiction
4122,contradiction
4123,contradiction
4124,entailment
4125,neutral
4126,neutral
4127,contradiction
4128,neutral
4129,contradiction
4130,neutral
4131,contradiction
4132,entailment
4133,entailment
4134,neutral
4135,neutral
4136,entailment
4137,contradiction
4138,contradiction
4139,neutral
4140,contradiction
4141,neutral
4142,entailment
4143,contradiction
4144,entailment
4145,entailment
4146,entailment
4147,contradiction
4148,contradiction
4149,contradiction
4150,neutral
4151,entailment
4152,contradiction
4153,entailment
4154,contradiction
4155,neutral
4156,contradiction
4157,neutral
4158,contradiction
4159,contradiction
4160,neutral
4161,entailment
4162,contradiction
4163,contradiction
4164,contradiction
4165,neutral
4166,neutral
4167,neutral
4168,contradiction
4169,entailment
4170,neutral
4171,neutral
4172,neutral
4173,neutral
4174,entailment
4175,contradiction
4176,contradiction
4177,neutral
4178,entailment
4179,entailment
4180,neutral
4181,neutral
4182,contradiction
4183,neutral
4184,neutral
4185,contradiction
4186,neutral
4187,entailment
4188,contradiction
4189,contradiction
4190,contradiction
4191,entailment
4192,contradiction
4193,neutral
4194,neutral
4195,contradiction
4196,entailment
4197,contradiction
4198,contradiction
4199,neutral
4200,entailment
4201,contradiction
4202,neutral
4203,neutral
4204,neutral
4205,neutral
4206,neutral
4207,entailment
4208,contradiction
4209,neutral
4210,neutral
4211,contradiction
4212,neutral
4213,neutral
4214,neutral
4215,contradiction
4216,contradiction
4217,contradiction
4218,neutral
4219,neutral
4220,contradiction
4221,neutral
4222,entailment
4223,neutral
4224,neutral
4225,neutral
4226,contradiction
4227,entailment
4228,neutral
4229,entailment
4230,contradiction
4231,contradiction
4232,entailment
4233,neutral
4234,neutral
4235,neutral
4236,neutral
4237,neutral
4238,neutral
4239,neutral
4240,contradiction
4241,neutral
4242,contradiction
4243,entailment
4244,neutral
4245,contradiction
4246,neutral
4247,entailment
4248,neutral
4249,neutral
4250,neutral
4251,neutral
4252,contradiction
4253,neutral
4254,contradiction
4255,neutral
4256,entailment
4257,contradiction
4258,entailment
4259,neutral
4260,neutral
4261,neutral
4262,neutral
4263,contradiction
4264,neutral
4265,neutral
4266,contradiction
4267,entailment
4268,neutral
4269,entailment
4270,neutral
4271,contradiction
4272,contradiction
4273,neutral
4274,neutral
4275,neutral
4276,neutral
4277,neutral
4278,contradiction
4279,entailment
4280,contradiction
4281,contradiction
4282,contradiction
4283,neutral
4284,neutral
4285,contradiction
4286,entailment
4287,neutral
4288,contradiction
4289,contradiction
4290,neutral
4291,neutral
4292,entailment
4293,contradiction
4294,contradiction
4295,neutral
4296,neutral
4297,neutral
4298,contradiction
4299,neutral
4300,entailment
4301,contradiction
4302,neutral
4303,entailment
4304,entailment
4305,entailment
4306,entailment
4307,contradiction
4308,neutral
4309,neutral
4310,contradiction
4311,neutral
4312,contradiction
4313,contradiction
4314,neutral
4315,contradiction
4316,neutral
4317,contradiction
4318,entailment
4319,neutral
4320,neutral
4321,contradiction
4322,entailment
4323,entailment
4324,contradiction
4325,contradiction
4326,neutral
4327,neutral
4328,contradiction
4329,entailment
4330,contradiction
4331,entailment
4332,contradiction
4333,entailment
4334,contradiction
4335,contradiction
4336,entailment
4337,neutral
4338,contradiction
4339,contradiction
4340,entailment
4341,contradiction
4342,entailment
4343,neutral
4344,neutral
4345,neutral
4346,contradiction
4347,contradiction
4348,neutral
4349,entailment
4350,neutral
4351,entailment
4352,contradiction
4353,neutral
4354,entailment
4355,contradiction
4356,contradiction
4357,entailment
4358,neutral
4359,contradiction
4360,entailment
4361,contradiction
4362,neutral
4363,contradiction
4364,entailment
4365,neutral
4366,contradiction
4367,entailment
4368,entailment
4369,entailment
4370,contradiction
4371,contradiction
4372,contradiction
4373,entailment
4374,contradiction
4375,entailment
4376,entailment
4377,entailment
4378,neutral
4379,entailment
4380,contradiction
4381,neutral
4382,contradiction
4383,contradiction
4384,entailment
4385,contradiction
4386,contradiction
4387,contradiction
4388,entailment
4389,entailment
4390,contradiction
4391,neutral
4392,neutral
4393,contradiction
4394,entailment
4395,neutral
4396,contradiction
4397,entailment
4398,contradiction
4399,entailment
4400,neutral
4401,neutral
4402,neutral
4403,contradiction
4404,contradiction
4405,contradiction
4406,contradiction
4407,neutral
4408,neutral
4409,neutral
4410,entailment
4411,contradiction
4412,contradiction
4413,contradiction
4414,entailment
4415,entailment
4416,neutral
4417,contradiction
4418,neutral
4419,neutral
4420,entailment
4421,neutral
4422,neutral
4423,contradiction
4424,entailment
4425,contradiction
4426,neutral
4427,neutral
4428,contradiction
4429,contradiction
4430,contradiction
4431,neutral
4432,entailment
4433,contradiction
4434,contradiction
4435,neutral
4436,contradiction
4437,entailment
4438,neutral
4439,neutral
4440,entailment
4441,contradiction
4442,neutral
4443,entailment
4444,entailment
4445,entailment
4446,contradiction
4447,neutral
4448,contradiction
4449,entailment
4450,contradiction
4451,entailment
4452,neutral
4453,entailment
4454,entailment
4455,contradiction
4456,entailment
4457,neutral
4458,contradiction
4459,contradiction
4460,contradiction
4461,neutral
4462,contradiction
4463,contradiction
4464,contradiction
4465,neutral
4466,contradiction
4467,contradiction
4468,contradiction
4469,neutral
4470,neutral
4471,entailment
4472,entailment
4473,contradiction
4474,contradiction
4475,contradiction
4476,contradiction
4477,contradiction
4478,entailment
4479,neutral
4480,entailment
4481,contradiction
4482,contradiction
4483,entailment
4484,neutral
4485,neutral
4486,entailment
4487,neutral
4488,entailment
4489,entailment
4490,contradiction
4491,entailment
4492,neutral
4493,neutral
4494,contradiction
4495,neutral
4496,entailment
4497,contradiction
4498,contradiction
4499,entailment
4500,contradiction
4501,contradiction
4502,contradiction
4503,contradiction
4504,entailment
4505,contradiction
4506,contradiction
4507,contradiction
4508,contradiction
4509,contradiction
4510,neutral
4511,neutral
4512,entailment
4513,entailment
4514,contradiction
4515,neutral
4516,contradiction
4517,contradiction
4518,contradiction
4519,contradiction
4520,contradiction
4521,entailment
4522,contradiction
4523,neutral
4524,neutral
4525,neutral
4526,contradiction
4527,contradiction
4528,entailment
4529,contradiction
4530,contradiction
4531,neutral
4532,entailment
4533,contradiction
4534,contradiction
4535,neutral
4536,neutral
4537,contradiction
4538,neutral
4539,neutral
4540,contradiction
4541,neutral
4542,entailment
4543,contradiction
4544,neutral
4545,contradiction
4546,contradiction
4547,entailment
4548,contradiction
4549,neutral
4550,entailment
4551,entailment
4552,contradiction
4553,contradiction
4554,neutral
4555,neutral
4556,entailment
4557,neutral
4558,neutral
4559,neutral
4560,neutral
4561,entailment
4562,contradiction
4563,neutral
4564,neutral
4565,neutral
4566,neutral
4567,neutral
4568,entailment
4569,contradiction
4570,neutral
4571,neutral
4572,neutral
4573,contradiction
4574,neutral
4575,entailment
4576,neutral
4577,neutral
4578,neutral
4579,neutral
4580,neutral
4581,neutral
4582,neutral
4583,neutral
4584,contradiction
4585,entailment
4586,entailment
4587,contradiction
4588,neutral
4589,neutral
4590,neutral
4591,entailment
4592,entailment
4593,neutral
4594,neutral
4595,neutral
4596,entailment
4597,contradiction
4598,entailment
4599,entailment
4600,neutral
4601,neutral
4602,neutral
4603,contradiction
4604,entailment
4605,contradiction
4606,entailment
4607,neutral
4608,contradiction
4609,neutral
4610,contradiction
4611,neutral
4612,neutral
4613,contradiction
4614,entailment
4615,contradiction
4616,neutral
4617,neutral
4618,contradiction
4619,entailment
4620,entailment
4621,entailment
4622,entailment
4623,contradiction
4624,entailment
4625,contradiction
4626,neutral
4627,neutral
4628,entailment
4629,contradiction
4630,contradiction
4631,contradiction
4632,neutral
4633,entailment
4634,contradiction
4635,entailment
4636,contradiction
4637,entailment
4638,neutral
4639,neutral
4640,neutral
4641,entailment
4642,neutral
4643,contradiction
4644,contradiction
4645,neutral
4646,neutral
4647,entailment
4648,entailment
4649,neutral
4650,entailment
4651,contradiction
4652,contradiction
4653,contradiction
4654,neutral
4655,neutral
4656,contradiction
4657,contradiction
4658,entailment
4659,entailment
4660,neutral
4661,entailment
4662,neutral
4663,entailment
4664,neutral
4665,entailment
4666,contradiction
4667,neutral
4668,contradiction
4669,neutral
4670,contradiction
4671,contradiction
4672,contradiction
4673,contradiction
4674,neutral
4675,neutral
4676,neutral
4677,contradiction
4678,neutral
4679,neutral
4680,neutral
4681,neutral
4682,entailment
4683,neutral
4684,entailment
4685,entailment
4686,contradiction
4687,neutral
4688,contradiction
4689,contradiction
4690,entailment
4691,neutral
4692,contradiction
4693,neutral
4694,entailment
4695,entailment
4696,contradiction
4697,contradiction
4698,entailment
4699,neutral
4700,neutral
4701,neutral
4702,entailment
4703,neutral
4704,entailment
4705,entailment
4706,neutral
4707,entailment
4708,neutral
4709,neutral
4710,contradiction
4711,neutral
4712,entailment
4713,contradiction
4714,neutral
4715,neutral
4716,contradiction
4717,neutral
4718,neutral
4719,neutral
4720,neutral
4721,contradiction
4722,neutral
4723,entailment
4724,neutral
4725,contradiction
4726,neutral
4727,entailment
4728,neutral
4729,entailment
4730,contradiction
4731,contradiction
4732,neutral
4733,contradiction
4734,contradiction
4735,contradiction
4736,neutral
4737,contradiction
4738,contradiction
4739,entailment
4740,neutral
4741,entailment
4742,neutral
4743,entailment
4744,contradiction
4745,entailment
4746,neutral
4747,neutral
4748,neutral
4749,contradiction
4750,entailment
4751,entailment
4752,contradiction
4753,entailment
4754,entailment
4755,contradiction
4756,neutral
4757,neutral
4758,neutral
4759,entailment
4760,neutral
4761,entailment
4762,entailment
4763,contradiction
4764,neutral
4765,contradiction
4766,neutral
4767,neutral
4768,neutral
4769,entailment
4770,entailment
4771,contradiction
4772,contradiction
4773,entailment
4774,neutral
4775,contradiction
4776,contradiction
4777,entailment
4778,contradiction
4779,neutral
4780,neutral
4781,neutral
4782,entailment
4783,neutral
4784,neutral
4785,neutral
4786,neutral
4787,entailment
4788,contradiction
4789,neutral
4790,entailment
4791,contradiction
4792,neutral
4793,neutral
4794,entailment
4795,contradiction
4796,contradiction
4797,entailment
4798,contradiction
4799,neutral
4800,entailment
4801,contradiction
4802,neutral
4803,neutral
4804,neutral
4805,neutral
4806,contradiction
4807,entailment
4808,neutral
4809,neutral
4810,neutral
4811,contradiction
4812,contradiction
4813,neutral
4814,neutral
4815,entailment
4816,contradiction
4817,contradiction
4818,contradiction
4819,entailment
4820,neutral
4821,entailment
4822,contradiction
4823,contradiction
4824,contradiction
4825,neutral
4826,entailment
4827,entailment
4828,contradiction
4829,neutral
4830,entailment
4831,contradiction
4832,contradiction
4833,neutral
4834,neutral
4835,neutral
4836,neutral
4837,neutral
4838,neutral
4839,neutral
4840,contradiction
4841,neutral
4842,neutral
4843,contradiction
4844,neutral
4845,contradiction
4846,neutral
4847,entailment
4848,contradiction
4849,contradiction
4850,entailment
4851,neutral
4852,neutral
4853,contradiction
4854,entailment
4855,neutral
4856,contradiction
4857,neutral
4858,neutral
4859,neutral
4860,contradiction
4861,entailment
4862,neutral
4863,neutral
4864,entailment
4865,contradiction
4866,neutral
4867,entailment
4868,neutral
4869,contradiction
4870,neutral
4871,contradiction
4872,neutral
4873,neutral
4874,contradiction
4875,entailment
4876,contradiction
4877,neutral
4878,entailment
4879,entailment
4880,entailment
4881,entailment
4882,neutral
4883,neutral
4884,contradiction
4885,entailment
4886,contradiction
4887,entailment
4888,contradiction
4889,neutral
4890,neutral
4891,contradiction
4892,contradiction
4893,entailment
4894,contradiction
4895,contradiction
4896,contradiction
4897,contradiction
4898,contradiction
4899,contradiction
4900,entailment
4901,neutral
4902,entailment
4903,entailment
4904,entailment
4905,neutral
4906,neutral
4907,entailment
4908,entailment
4909,contradiction
4910,contradiction
4911,neutral
4912,neutral
4913,neutral
4914,neutral
4915,neutral
4916,neutral
4917,contradiction
4918,entailment
4919,entailment
4920,neutral
4921,contradiction
4922,entailment
4923,entailment
4924,contradiction
4925,entailment
4926,contradiction
4927,neutral
4928,neutral
4929,contradiction
4930,contradiction
4931,neutral
4932,entailment
4933,neutral
4934,contradiction
4935,neutral
4936,contradiction
4937,entailment
4938,entailment
4939,entailment
4940,contradiction
4941,entailment
4942,entailment
4943,contradiction
4944,contradiction
4945,contradiction
4946,entailment
4947,contradiction
4948,contradiction
4949,entailment
4950,contradiction
4951,entailment
4952,neutral
4953,neutral
4954,contradiction
4955,neutral
4956,neutral
4957,entailment
4958,contradiction
4959,contradiction
4960,entailment
4961,neutral
4962,neutral
4963,contradiction
4964,entailment
4965,neutral
4966,neutral
4967,neutral
4968,entailment
4969,contradiction
4970,neutral
4971,contradiction
4972,neutral
4973,contradiction
4974,contradiction
4975,contradiction
4976,neutral
4977,contradiction
4978,neutral
4979,contradiction
4980,contradiction
4981,neutral
4982,entailment
4983,contradiction
4984,neutral
4985,neutral
4986,entailment
4987,entailment
4988,entailment
4989,contradiction
4990,neutral
4991,entailment
4992,entailment
4993,entailment
4994,entailment
4995,neutral
4996,entailment
4997,contradiction
4998,entailment
4999,neutral
5000,contradiction
5001,neutral
5002,neutral
5003,neutral
5004,entailment
5005,entailment
5006,entailment
5007,neutral
5008,entailment
5009,entailment
